ptvalue,moist,elev,slope,NDVI,DTNbrood,DTNdecid,DTNgrass,DTNmatpine,DTNroad,DTNwater,aspect,sand,silt,pttype
1,4.5,37.27607727,4.318071842,0.652487099,21.37991142,0,658.057251,24.27807808,22.21689796,499.1416931,282.7843018,94.4,0.6,1
1,1.34,38.39051056,3.135664225,0.592152655,15.25202656,0,652.6626587,4.497782707,1.922515035,478.0274048,74.52246857,97,1.5,1
1,1.8,39.05251312,19.70377159,0.623787403,101.7759094,1.420227408,520.8634644,1.038133264,26.65090752,332.46521,302.5050964,96.8,0.7,1
1,1.1,36.27091217,33.25391006,0.546447873,93.26094818,9.754946709,159.0628357,0,4.068836212,306.7276001,160.583725,96.9,0.7,1
1,4.5,33.37600327,2.956473112,0.6232934,96.60894775,0.468143284,162.4915924,0.914363503,20.41312599,295.7434998,339.4550171,94.4,0.6,1
1,4.5,30.66370583,15.29695606,0.630110741,111.1626282,0,180.6175842,3.888741732,15.38676929,312.3523865,129.2787628,94.4,0.6,1
1,1.8,36.70622635,10.28487396,0.67295444,9.999149323,3.014214754,21.09727097,1.065499663,36.40642929,107.3622208,146.1990662,96.8,0.7,1
1,1.8,32.32278061,16.27101326,0.631921291,22.27752495,0,29.79497147,3.410223961,39.8398819,118.8482208,212.5391998,96.8,0.7,1
1,0.86,39.09418106,11.7398262,0.466522485,20.52189445,28.61219788,10.75710678,0,9.366422653,48.61666489,342.3453674,97.3,1.2,1
1,0.86,36.42261887,8.589740753,0.450942129,74.18927002,42.88436508,1.801323652,0.258574724,4.776328087,79.18576813,67.07219696,97.3,1.2,1
1,1.8,28.74978828,2.757197618,0.619511485,84.15991211,34.3649292,32.28155136,0,26.62346077,109.7354126,115.0660934,96.8,0.7,1
1,0.86,31.32921791,7.996564865,0.459559202,94.62133789,55.95648575,22.34502792,0,5.132365704,102.9480515,118.4972687,97.3,1.2,1
1,1.8,25.88345146,3.00821352,0.649058819,106.6763763,0,270.6461182,13.73015213,18.0435257,264.5297852,94.26189423,96.8,0.7,1
1,1.8,23.46338463,11.08088493,0.636112154,94.66566467,0.311275452,274.7600708,3.98748064,8.202882767,258.7076721,100.2670441,96.8,0.7,1
1,1.8,40.15715408,3.603377342,0.448825926,35.89627075,56.89035034,181.9037933,0,10.61667252,97.96334076,262.6656189,96.8,0.7,1
1,0.86,40.5711441,6.8094244,0.456169605,58.29860306,47.32487869,153.8921967,0,20.88578606,135.4543304,318.1115723,97.3,1.2,1
1,0.86,34.91774368,7.343123913,0.566174626,77.41734314,15.56272221,194.7180634,0,21.08072853,117.9167862,237.6399841,97.3,1.2,1
1,0.86,26.61418533,17.23209381,0.545285761,42.56816483,17.56959724,178.9713898,0,57.39530945,55.68209839,178.7483215,97.3,1.2,1
1,1.8,30.4403019,5.735953808,0.60137254,90.0286026,22.40476227,239.7063599,0,41.18106079,74.50267792,112.7117157,96.8,0.7,1
1,1.8,29.81070137,4.335790634,0.609269679,87.43379974,12.52425957,226.5665131,0,40.1562767,91.73418427,332.9063416,96.8,0.7,1
1,1.8,29.81390953,3.869115353,0.586653709,108.1101913,26.87705994,254.7177277,0,35.33410263,60.28708649,186.9213409,96.8,0.7,1
1,1.8,27.00216103,15.33106709,0.531208158,10.52245998,7.927910328,265.5243835,0,15.70693302,169.8336182,59.28617096,96.8,0.7,1
1,0.86,34.40016556,8.212097168,0.531476021,60.26926422,0,184.4705048,1.86369729,40.24739838,304.164978,72.37768555,97.3,1.2,1
1,4.5,33.49760056,17.65954781,0.616395235,46.40330124,0,197.2466583,9.809110641,34.37724686,310.6696167,330.8160706,94.4,0.6,1
1,9.27,29.6160202,4.830067158,0.555828393,43.17303467,1.995864868,385.8262634,0.238102838,25.55179787,161.8394165,33.14502335,94.08539095,2.645884774,1
1,1.8,50.51609039,2.226680279,0.621627688,59.30149078,8.819168091,324.8273926,0,40.01176834,243.8794556,118.6733093,96.8,0.7,1
1,1.8,50.50331497,11.035676,0.58295536,58.98889923,12.73307514,343.362854,0,28.56357956,258.9310913,27.58290863,96.8,0.7,1
1,0.86,45.93106079,3.095821619,0.332444996,28.0225029,37.40882111,321.5768433,0,12.5523138,340.6318054,190.4545898,97.3,1.2,1
1,4.5,38.90232086,10.47051907,0.519698322,5.989504814,1.275352359,307.3216858,0.547591805,13.08393002,312.4570313,239.7542572,94.4,0.6,1
1,1.8,53.10590363,2.956053257,0.614985883,85.94813538,4.112108231,306.7359314,0,38.6819458,215.5938416,305.296814,96.8,0.7,1
1,1.8,53.17290497,11.32038879,0.526447117,81.63582611,22.55222511,325.2457581,0,24.37674141,230.9955139,307.4022827,96.8,0.7,1
1,1.34,50.84883499,23.78287888,0.512631595,89.792099,46.6001091,348.7302551,0,8.099097252,274.2359314,108.0692825,97,1.5,1
1,4.5,35.73411179,5.385745049,0.568125665,26.99918365,7.138197899,285.2889099,0,26.12852478,328.4733582,74.72944641,94.4,0.6,1
1,0.86,37.49745178,5.822143078,0.544675589,42.99185562,7.701094627,281.9933472,0,3.552872419,360.9476624,3.289873123,97.3,1.2,1
1,4.5,31.07291412,28.36200142,0.611856639,37.84223557,0.18217738,275.7608948,3.039285898,18.11346436,346.8039246,222.7167511,94.4,0.6,1
1,4.5,34.27938843,5.705298424,0.580738842,41.2788353,8.209459305,270.6523438,0,33.51069641,328.2781372,228.5258789,94.4,0.6,1
1,0.86,38.17298126,8.806060791,0.456705779,18.82197571,11.85991096,262.4772339,0,18.33504105,265.7532349,186.308197,97.3,1.2,1
1,1.8,54.55259323,2.835852623,0.437568396,122.076683,16.72786713,311.1265564,0,16.08586311,196.2882385,5.374566078,96.8,0.7,1
1,1.3,14.46109295,4.772465706,0.561869085,436.917511,155.7049103,1077.364624,9.54684639,9.269845963,374.9573059,154.0617218,94.6,1.4,1
1,1.8,53.12568283,12.82466793,0.467965662,141.6079102,13.6388092,332.9862366,0,10.43465996,204.0270233,144.3000488,96.8,0.7,1
1,1.8,50.39873505,9.781867027,0.56224668,156.6366272,12.5073595,327.9727478,0,11.56233692,198.9315643,127.8609314,96.8,0.7,1
1,1.8,48.69512177,3.811928749,0.550757289,179.1917877,23.06666183,314.2233582,0,4.706086636,185.8501434,127.5507202,96.8,0.7,1
1,4.5,17.85262108,10.31251431,0.657329619,95.15531921,3.573822021,180.3114777,0.007222889,24.26621437,286.724762,214.371521,94.4,0.6,1
1,1.34,33.66524506,8.515028,0.463591635,145.1624756,1.435516238,209.5752258,0.960885406,22.15431786,289.2750244,225.5409393,97,1.5,1
1,0.86,32.89921188,13.35634327,0.559763372,32.23424911,0.486463428,0.937690079,38.79800034,51.25006866,108.858696,95.74259949,97.3,1.2,1
1,0.86,28.95874405,31.16091156,0.603123844,30.01922607,0,8.106022835,43.23664856,38.33054733,96.22038269,62.00471878,97.3,1.2,1
1,1.1,17.72638321,23.81978798,0.615650892,150.7174072,0.925607741,84.42365265,3.248350859,39.24863434,334.8951416,149.8706207,96.9,0.7,1
1,1.1,19.06358147,19.81640053,0.627741277,139.9269409,1.661777735,76.60022736,1.05846715,46.73796463,347.7296753,158.4873505,96.9,0.7,1
1,0.86,38.09924698,3.379895926,0.471085072,48.34129333,6.397713661,0,22.51963234,51.87899399,123.366272,65.58288574,97.3,1.2,1
1,0.86,31.7903347,1.973618627,0.565566182,8.432081223,0.398005128,3.28993845,40.88789368,12.99319363,44.48598099,79.34355927,97.3,1.2,1
1,0.86,32.92715454,13.19666004,0.504209161,21.01797867,0.013070935,3.284888983,29.16897392,15.06800938,52.58996201,198.638382,97.3,1.2,1
1,0.86,40.87622452,4.077214241,0.475444943,96.27735138,0.051847979,3.251191139,18.19148827,22.77325439,101.6351318,332.922821,97.3,1.2,1
1,0.86,41.9117012,12.89245224,0.389448017,94.88680267,0.122854754,3.736999035,10.67285156,4.3839221,104.1213531,359.1416016,97.3,1.2,1
1,0.86,37.50710297,2.221889734,0.434679568,95.86016846,0.012534092,37.73307419,12.91119576,52.02944183,84.73106384,242.9884186,97.3,1.2,1
1,1.8,53.09179306,2.773838997,0.57519114,100.3207245,0.633118689,8.29140377,1.684050798,2.653428555,148.1697693,197.6614838,96.8,0.7,1
1,1.8,52.87859344,9.814976692,0.581337154,101.1151276,0,15.2784338,6.962137699,10.56921101,160.3299713,294.3353882,96.8,0.7,1
1,1.8,52.80931091,2.241649866,0.502977252,89.57701874,0.954534113,16.40267181,1.625330925,16.26671028,178.617157,328.5934753,96.8,0.7,1
1,1.8,52.82579422,8.673413277,0.626052976,85.43833923,0,4.779742241,10.89792633,13.09132004,146.1092987,248.5170898,96.8,0.7,1
1,1.8,41.51524353,15.95938492,0.471594274,63.01488495,0.286216617,70.54343414,2.365221262,26.55622864,102.8116913,273.8692322,96.8,0.7,1
1,1.8,44.09044647,6.381855965,0.37051174,27.0057373,6.404139519,0.616844416,0.014759831,30.36520386,207.8381348,288.7397461,96.8,0.7,1
1,1.51,25.61209106,36.23747635,0.535392761,13.09719276,0.213879853,79.83813477,3.971334457,17.78133392,117.6273804,120.5049591,96.9,0.7,1
1,1.8,34.56928253,13.56434536,0.635596216,83.53246307,0,94.44734955,15.68120003,37.15476227,199.7664948,213.1799927,96.8,0.7,1
1,1.8,46.9054985,0.951728225,0.474356353,47.77088928,6.091950417,0,70.54799652,6.956861973,158.6690826,171.859024,96.8,0.7,1
1,1.8,38.09063721,3.633895874,0.616524577,75.33599091,0.578526139,97.99385834,2.941949129,33.23181915,223.6430359,315.8600464,96.8,0.7,1
1,1.8,38.30192566,6.898718357,0.573839962,89.453125,0.986004651,87.85810089,1.675127864,22.83150673,209.6759338,347.5404663,96.8,0.7,1
1,0.86,31.61571503,11.82013512,0.5425421,24.5993042,0,69.49972534,7.334683418,7.565739155,165.6370087,352.4977417,97.3,1.2,1
1,1.34,33.79400253,10.43404675,0.496561199,4.651091099,6.611448288,0.171084031,10.21974945,17.16566277,139.603775,339.2348022,97,1.5,1
1,4.5,35.46731949,11.27094746,0.667128146,67.38336182,0,85.36212921,11.06404591,28.40776253,245.8741913,320.183136,94.4,0.6,1
1,4.5,39.89458084,12.38569736,0.623555839,80.37129211,3.609532833,88.55397797,0.102213845,18.25049019,248.0298767,358.4486084,94.4,0.6,1
1,1.8,40.85662842,4.390104294,0.522170961,89.4407959,14.96665573,80.32103729,0,15.24593639,238.6380157,321.8097839,96.8,0.7,1
1,1.34,35.39704514,8.619007111,0.409966022,18.55393982,2.783107281,18.37459183,0.089068674,6.224426746,162.9265442,313.855896,97,1.5,1
1,1.8,41.43401337,2.416384697,0.493221313,16.79854393,4.276265144,13.28945065,0,41.27720642,219.3727417,166.1997528,96.8,0.7,1
1,4.5,46.63333511,6.092787743,0.546101689,63.84587479,2.646787167,62.94234467,0.56910336,8.130304337,138.2885895,296.9844971,94.4,0.6,1
1,0.86,49.05603027,7.152891159,0.416294992,75.80478668,12.72638988,74.77729797,0.065196447,3.794228792,144.6692657,141.7923737,97.3,1.2,1
1,0.86,48.36719513,5.12869978,0.40852645,94.71129608,12.50592232,63.52622223,0,20.24625206,156.1020966,84.09422302,97.3,1.2,1
1,1.8,47.12688828,4.143283367,0.446244985,112.4954987,14.84964657,46.87625122,0,12.14829922,168.4328308,149.1471405,96.8,0.7,1
1,1.8,46.3769722,11.63343334,0.582344472,7.267299652,16.47221565,0,6.321146488,6.853850842,97.57962799,171.0962067,96.8,0.7,1
1,1.8,46.44865799,4.628266335,0.611089587,13.35492325,5.931221008,10.72874928,1.43850863,1.390015841,99.51766205,270.1654968,96.8,0.7,1
1,4.5,47.22871017,3.93560791,0.594627202,61.68859482,1.783321619,59.83043289,0.449556649,3.810602427,119.0188751,330.1261597,94.4,0.6,1
1,4.5,50.06985855,57.95869446,0.602834225,73.99720001,0,71.55784607,6.052942276,14.50638771,126.3755035,145.0594177,94.4,0.6,1
1,1.8,47.37069702,3.014587879,0.53335923,94.2773819,5.123033524,27.52407265,0.596513212,3.122243404,162.657486,80.40053558,96.8,0.7,1
1,1.8,44.71643066,3.211877584,0.476171941,12.20832348,0.618295789,0,16.57129478,33.02487564,23.60344124,310.7129822,96.8,0.7,1
1,1.34,43.19207001,25.37679482,0.414302111,3.15036869,5.797680855,2.005952597,14.70347595,2.872997761,75.41778564,345.774353,97,1.5,1
0.418182494,0.86,25.40932846,18.48767471,0.594833255,74.46430969,17.03572273,12.12335777,0,70.48117828,126.4375305,16.69628906,97.3,1.2,0
0.916246832,1.34,32.86406326,2.644689083,0.604907095,0,19.60312653,9.115521431,21.20166779,32.64064789,140.14505,331.4178772,97,1.5,0
0.90589693,1.51,14.00030708,17.42700768,0.52177304,69.69204712,180.9590302,548.8823853,0,17.03034401,52.5367012,282.4315796,96.9,0.7,0
0.033165017,1.51,0.890104175,3.326147318,0.530476332,12.92400932,0,48.6173439,79.79843903,46.38358307,14.42197323,332.7075806,96.9,0.7,0
0.504739105,1.8,39.37107849,8.453037262,0.544917583,68.02120209,0.032897912,61.01332474,4.430668354,28.82967758,123.8156738,124.0708237,96.8,0.7,0
0.145486797,0.86,27.78117371,6.684741974,0.434944302,163.0940857,16.87408257,316.2669373,49.5103569,81.69278717,63.47014618,188.7418671,97.3,1.2,0
0.789857587,1.1,20.24761391,6.249026299,0.542317331,76.8347702,70.2957077,42.35647202,0,20.92371559,191.3712311,72.17682648,96.9,0.7,0
0.148145821,1.8,28.56643677,12.82049084,0.480095029,104.3540878,0.617548287,283.4703064,1.318569183,61.78923035,89.43104553,115.6668625,96.8,0.7,0
0.966491513,1.3,29.22128677,2.028497219,0.458994031,70.85997009,83.85180664,521.215271,0,23.03674126,153.7267303,49.52381897,94.6,1.4,0
0.278922125,0.86,20.2556324,41.29742432,0.538646042,47.81781387,0.709645152,37.71519089,0.893749893,9.000812531,301.2359009,164.0782318,97.3,1.2,0
0.948109818,3.25,25.04082298,3.351213694,0.608840525,169.9619904,0.795933366,666.7896118,3.817676783,3.409647942,351.6173401,28.92886162,68.7,21.4,0
0.118679716,1.3,18.9103775,3.20509243,0.412261397,38.91396713,80.04322052,602.7330933,0,11.02990818,241.4514313,5.627769947,94.6,1.4,0
0.178139625,0.86,48.37849808,5.847066402,0.310692191,36.96184158,44.98685455,55.35952759,0,24.90048981,14.07646561,42.95818329,97.3,1.2,0
0.321138558,1.3,39.01000977,4.971982002,0.667134047,0.159832954,23.3178978,194.2910309,4.026266575,1.545136571,279.3258972,288.1750183,94.6,1.4,0
0.729565278,0.86,33.97005463,4.176715374,0.481317401,13.49519062,0.007165766,580.3837891,2.599975348,12.86970997,259.6896057,11.52196312,97.3,1.2,0
0.320536962,1.8,37.88099289,2.054766417,0.554618478,79.96834564,0,766.6422119,54.38187027,75.30698395,629.4354858,160.5163422,96.8,0.7,0
0.29312947,0.86,49.64666367,3.808981657,0.306340784,14.49196243,49.66475296,13.2005682,0,3.511629105,199.381485,221.8230591,97.3,1.2,0
0.561534515,0.86,32.7262001,4.601138115,0.399168491,32.24685287,40.43586731,311.804718,0,30.73026085,8.623710632,302.5682983,97.3,1.2,0
0.942258102,1.51,22.80873871,21.28390121,0.613972425,61.42479706,0,31.54219627,11.10186005,65.51258087,185.2151794,312.8904419,96.9,0.7,0
0.028942616,1.51,2.495129347,3.606482029,0.664287388,120.6123886,0,476.0932617,11.39550114,25.83270836,158.9550323,339.3411865,96.9,0.7,0
0.65953614,1.1,5.269842625,0.090236984,-0.030932415,123.7357254,81.43215942,201.0516815,33.76354599,32.57419205,0,221.0387878,96.9,0.7,0
0.979116503,1.1,17.95115471,11.3159647,0.552951753,51.53125381,0.890144765,232.0842133,2.066951036,45.8670845,255.5792999,302.1219788,96.9,0.7,0
0.545420389,1.51,19.91995811,3.329287767,0.620630026,72.36769867,0,210.050415,5.347520351,60.78999329,57.90515518,183.0884857,96.9,0.7,0
0.400251083,5.75,1.037415504,5.151882648,0.485900193,197.894516,0,107.1753769,49.96497345,65.10129547,27.96316147,217.8399353,83,9,0
0.464500184,1.3,30.71037102,5.126776695,0.573590755,2.180185318,20.52244759,391.1262817,0.62560457,2.415498734,220.9430389,26.09134483,94.6,1.4,0
0.616662379,5.75,1.283393383,13.25247955,0.667359889,191.3335571,0,76.1721344,30.85072327,53.62429428,83.96920013,263.2171936,83,9,0
0.250581616,0.86,50.06676102,2.137337446,0.406755447,9.789147377,59.77946472,363.1016541,0,3.246731758,284.3674316,54.34980011,97.3,1.2,0
0.107291264,0.86,37.4681778,16.50560379,0.459691375,90.26799774,5.84148407,129.1491547,0,13.16901016,290.4541931,347.2145996,97.3,1.2,0
0.810582117,1.1,16.51741791,14.56976604,0.619293034,107.2070236,19.04967308,302.0379028,0,1.709360242,185.6044006,106.1631088,96.9,0.7,0
0.604419287,1.51,5.055267811,8.096436501,0.665913641,67.40385437,1.140386224,69.99611664,0.802768588,91.17841339,208.1036682,9.175969124,96.9,0.7,0
0.220070912,4.5,39.89211655,0.438748538,0.619998515,57.20118713,0,648.2974243,88.40566254,78.82650757,539.5952148,233.1797791,94.4,0.6,0
0.120818374,0.86,27.9942627,13.10740662,0.513598502,137.0415192,141.5213928,427.7035522,1.887149215,12.98645973,81.12941742,60.97643661,97.3,1.2,0
0.287451832,5.75,1.224073648,3.821840286,0.631496787,115.1512527,0,89.53694153,46.37265015,64.78780365,29.13916016,127.5720215,83,9,0
0.669402094,0.86,42.13780212,2.995360136,0.456076682,42.44835281,39.11216736,220.3505402,0,20.80179977,217.7805939,166.2798767,97.3,1.2,0
0.766689338,0.86,46.28470993,5.024070263,0.363369107,17.14608002,30.59326935,123.8828659,0,16.3537674,210.8478699,215.1599731,97.3,1.2,0
0.780807353,5.75,6.990047932,6.670886517,0.604381502,19.13944626,51.30422592,511.8106995,0,6.948290825,163.9456177,111.0125809,83,9,0
0.452169555,1.8,31.24196053,9.259380341,0.529995203,81.01288605,0,839.6929321,11.67210007,76.04921722,590.2692261,149.1067963,96.8,0.7,0
0.481217916,0.86,28.17421913,2.057738543,0.468315721,58.18403625,36.34903717,151.536911,0,8.162264824,148.7657318,322.0134888,97.3,1.2,0
0.636419866,1.8,25.74311829,1.952183843,0.413366139,122.7749786,0,183.2261047,9.684049606,24.594244,171.6153717,212.527298,96.8,0.7,0
0.533139273,1.8,44.48303604,0.433215171,0.369059741,56.95040131,2.490246534,116.846756,0.993519008,19.15854263,232.1015167,106.3412323,96.8,0.7,0
0.425956831,0.86,49.48815536,5.549904346,0.395823359,0,49.36774445,359.6307678,7.70093298,8.076537132,298.333313,347.8878174,97.3,1.2,0
0.535016264,1.8,45.60950089,3.538089752,0.569108665,0,10.49950409,19.84368324,19.76584435,40.11871338,243.4953003,82.25927734,96.8,0.7,0
0.723833326,4.5,33.81163406,4.870517254,0.585234225,46.4875679,2.328846693,264.9693909,1.388665795,32.51641846,334.2663269,236.4743195,94.4,0.6,0
0.743841355,0.86,49.75662613,3.270009279,0.295856684,37.08781815,56.12653732,26.4322052,0,1.237095594,46.48001099,129.8943634,97.3,1.2,0
0.379703593,1.3,17.22746849,23.97365379,0.582206368,49.01025009,0,29.25907135,6.674561024,2.100622654,137.2075958,152.3261871,94.6,1.4,0
0.271852517,0.86,27.86289787,17.25191689,0.612356722,55.70489883,23.0158844,4.412242889,0,54.41399765,144.7628632,70.91930389,97.3,1.2,0
0.935054983,3.25,25.1885891,3.847508669,0.575432062,40.60377121,49.42340851,712.9593506,0,29.38271332,352.8470459,258.9267883,68.7,21.4,0
0.111800799,0.86,34.87431335,18.8490963,0.304857105,11.00134754,32.0176506,12.00426769,1.185560226,9.995927811,0.027466239,272.1835022,97.3,1.2,0
0.401018038,0.86,43.39519501,19.22022438,0.348608196,17.50393867,22.39349174,0.682818353,8.278889656,9.170782089,1.809809923,240.4985657,97.3,1.2,0
0.112948722,1.8,42.56581116,2.58612299,0.645488024,0,24.26031113,9.667111397,12.48046303,10.42927456,215.1641846,139.2147369,96.8,0.7,0
0.482446661,0.86,47.20174408,6.614783764,0.276938081,101.7191391,27.4616127,76.9565506,0,26.18002892,115.3619919,62.10735321,97.3,1.2,0
0.021566189,1.8,39.63504791,3.747799635,0.628395855,12.84302044,3.377736092,58.47127533,0.49751392,75.4723053,245.5539398,262.9385986,96.8,0.7,0
0.35378599,1.8,35.14041901,10.95326614,0.59471488,33.49572754,0,584.0092163,24.93906975,33.14035797,423.8059998,148.8816833,96.8,0.7,0
0.655192594,1.1,3.420125723,2.880740166,0.711311996,96.39261627,0,131.2249451,6.835371971,14.23647499,130.3455505,100.1349106,96.9,0.7,0
0.321512981,4.5,47.23165894,6.147320747,0.594627202,61.68859482,1.783321619,59.83043289,0.449556649,3.810602427,119.0188751,177.5399933,94.4,0.6,0
0.10173553,1.51,11.17885303,9.319208145,0.499270916,229.5934601,4.344234943,133.7023621,24.13187027,48.12697601,31.89342117,52.27514648,96.9,0.7,0
0.425602837,1.3,25.90630722,18.80694199,0.649253905,136.0623627,16.53925705,362.4724121,0,16.49651527,44.91094589,296.4475098,94.6,1.4,0
0.368779476,1.1,18.77863312,6.050861359,0.547579765,23.61599159,28.54813957,155.3726501,0,9.115367889,52.38547897,42.95187378,96.9,0.7,0
0.373040363,0.86,37.47356033,28.73488426,0.413766623,25.91353607,14.66033554,24.84454536,0,3.247277498,46.64443207,320.5979919,97.3,1.2,0
0.788416967,1.51,3.212280512,9.13892746,0.473447561,222.666748,0.074413456,136.9007263,12.81518459,33.81173706,54.61201096,310.3989563,96.9,0.7,0
0.522693677,0.86,51.78661728,0.938404739,0.308642358,47.05755234,55.14326859,39.62530136,0,11.34571457,68.91638947,65.90319061,97.3,1.2,0
0.521303802,5.75,1.908333659,1.259878397,0.421905696,150.5001831,20.44394684,301.3589783,4.135476112,61.08043671,42.62243271,258.4748535,83,9,0
0.019468161,1.3,30.29597664,4.171285629,0.59982866,4.122134686,95.66560364,443.1604919,0.336924314,21.36243439,152.5774841,193.4583435,94.6,1.4,0
0.281173084,1.51,1.279254556,1.18479526,0.661485672,74.91260529,0,75.38668823,56.26025391,56.22937012,15.13192177,285.9153137,96.9,0.7,0
0.676964993,0.86,48.39711761,8.355386734,0.444204062,73.9175415,69.50550079,89.94921875,0,8.881232262,218.7593384,81.78874969,97.3,1.2,0
0.297326727,1.3,18.9005661,26.47809029,0.617935121,80.2073822,0,515.3790283,15.84219742,32.66308594,108.1439896,167.7829895,94.6,1.4,0
0.926718715,0.86,46.31487274,3.021623373,0.389267623,14.548666,68.13816071,282.6973877,0,13.00506973,198.584671,11.58048153,97.3,1.2,0
0.006282574,1.51,5.439935684,20.17746544,0.510801256,95.147995,8.052908897,352.0785828,0.106246181,23.80773354,83.71760559,260.5814819,96.9,0.7,0
0.24878252,0.86,45.51356125,6.802561283,0.324026763,165.4003754,35.29880524,178.6414032,0,9.659091949,142.5643005,214.5987091,97.3,1.2,0
0.082109691,0.86,45.15690994,0.440199822,0.410196573,12.15510559,38.73784637,47.4344635,0,36.59961319,2.951945782,321.1315918,97.3,1.2,0
0.733985063,5.75,1.245393157,1.032251596,0.672976851,108.0883026,0,188.2320557,14.70414162,51.68218994,65.66875458,21.6554451,83,9,0
0.35879773,0.86,37.1692543,5.767194748,0.404725581,66.20756531,12.3083477,32.516716,0,20.69338226,177.7338867,287.6534119,97.3,1.2,0
0.037105066,2.29,23.47507095,3.057837248,0.627897501,78.46438599,27.1395607,112.3586884,0,61.15189362,211.4649658,166.8733521,78.6,16.4,0
0.779431706,0.86,48.9760704,5.597128868,0.276634336,104.6552658,72.02993774,113.8406296,0,19.35878563,31.02003098,165.8959198,97.3,1.2,0
0.841811989,5.75,1.455989361,10.38520527,0.521879733,141.7396545,0,308.8442383,4.638020992,47.38557816,61.52619171,305.901123,83,9,0
0.757421356,1.82453252,36.2077179,0.108123988,0.267044514,10.82568645,75.94517517,28.20662308,8.149594307,6.75513649,0,241.6161346,94.08539095,2.645884774,0
0.114408459,0.86,49.72352219,5.201847553,0.390996635,12.77578259,57.50726318,12.82428169,0,8.313680649,181.7021637,349.0420532,97.3,1.2,0
0.572077585,0.86,26.58690071,3.466313362,0.488577843,150.7838593,0.439742178,581.477417,4.52258873,4.982563019,182.4390411,320.615509,97.3,1.2,0
0.167961087,1.1,22.63800812,1.901393175,0.658714235,82.05634308,15.30061817,190.4410706,0,4.630410671,50.38569641,302.9343567,96.9,0.7,0
0.602936602,0.86,32.78559113,17.03164864,0.473288238,27.86921883,12.69307041,0,68.87798309,13.59278202,270.5784607,280.5527344,97.3,1.2,0
0.40229111,1.8,44.92873001,3.780359268,0.575546622,123.5640335,0.92227149,126.2976303,1.067794085,13.53310966,24.54400635,181.9399719,96.8,0.7,0
0.410046092,4.5,45.82360077,5.769598484,0.49750486,171.3446808,1.147651553,672.1486206,0.972123086,30.00021744,459.0256042,6.814238071,94.4,0.6,0
0.888149894,0.86,36.60920715,5.46523428,0.555173934,98.65353394,0.16727151,599.8432007,14.13622856,31.52035332,225.8944244,169.1802521,97.3,1.2,0
0.456018612,0.86,53.18875885,4.420115948,0.285145164,30.36676979,130.7423248,160.0273132,0,14.20836544,7.135390759,353.3248901,97.3,1.2,0
0.82063246,0.86,43.22842789,4.857228756,0.367629558,57.34455109,9.203350067,106.7555695,0,4.377896786,244.8410339,181.4549561,97.3,1.2,0
0.785169079,5.75,1.599426746,3.710855722,0.64492619,167.3417969,0,56.00737762,60.02474213,31.21765709,55.52995682,4.498829842,83,9,0
0.623216812,5.75,2.646927834,10.76767159,0.296488136,237.6541443,42.54880905,139.8787079,21.46222305,91.90884399,13.39003563,230.4665222,83,9,0
0.667955247,0.86,47.64403915,4.656611919,0.450488538,0.037316859,28.11440277,308.2020264,2.624675751,26.97369766,70.83625031,27.89313889,97.3,1.2,0
0.247643365,1.3,26.22634506,13.40953255,0.614922822,88.41343689,24.88185883,455.4608765,0,3.22799778,111.13237,128.3856354,94.6,1.4,0
0.78079738,9.27,25.33136559,4.291330814,0.013978113,135.3092194,0,234.8711243,19.39236069,60.92365265,148.379425,206.3356171,94.08539095,2.645884774,0
0.816294916,0.86,15.16029644,19.46969604,0.644485295,47.98333359,0,51.90141678,20.74035835,47.37963867,298.2765808,336.3012695,97.3,1.2,0
0.66900601,0.86,49.95306396,5.880182743,0.333980739,70.49136353,48.62339783,171.8205566,0,4.576102257,269.374939,57.98321533,97.3,1.2,0
0.24809916,1.8,22.89570427,9.682232857,0.623784959,65.81264496,9.142983437,386.1137695,0,32.0052681,200.2691803,280.3085022,96.8,0.7,0
0.197408458,0.86,46.88624191,8.663781166,0.553104043,45.00098038,78.04475403,254.6012726,0,27.82339668,146.88974,192.0788727,97.3,1.2,0
0.715852078,1.3,17.73839378,6.832300186,0.521524429,83.74440002,75.73329926,456.3112488,0,5.181867123,88.9159317,58.44109344,94.6,1.4,0
0.943606153,5.75,3.985955238,4.371072292,0.652658463,105.3619461,4.956925869,111.6869888,0.002091244,21.52096367,33.46424484,204.8645325,83,9,0
0.113086173,0.86,47.60513306,6.548798084,0.340668947,34.94391632,8.541324615,83.96540833,0,2.854496956,230.2922516,139.1448669,97.3,1.2,0
0.820543587,0.86,45.82953262,9.966856956,0.283166021,78.51211548,23.65422249,40.92392731,0,6.138044834,161.5752106,232.5843964,97.3,1.2,0
0.93195751,1.8,43.62801743,12.01821136,0.548766971,145.651886,23.31342888,275.5579834,0,13.98410702,132.4941406,288.9294128,96.8,0.7,0
0.830135747,1.8,38.4083786,8.333220482,0.577179909,12.6366272,3.786525965,0.159337908,36.86542892,26.67267227,342.8734436,240.2210846,96.8,0.7,0
0.129380572,1.1,11.50348663,18.63297272,0.609412909,92.88492584,8.96619606,25.67290497,0,2.764527321,172.858963,136.1236267,96.9,0.7,0
0.379228159,0.86,48.05460358,1.216579199,0.305891067,111.0036697,91.60681915,120.0698547,0,19.44265938,24.32656097,185.2455139,97.3,1.2,0
0.706992153,0.86,42.79234695,5.288876534,0.309261084,38.7467804,29.84947395,0,25.61391068,10.69419956,17.7797718,240.6740265,97.3,1.2,0
0.218794566,3,4.461090088,0.865337312,0.667235672,85.42853546,0,76.8315506,10.57112217,37.0446434,180.0740967,270.7234802,43,39.5,0
0.744622347,0.86,41.25513458,11.87530136,0.370220482,35.07747269,34.22489929,0,11.2936306,11.99526787,62.6239357,271.8854675,97.3,1.2,0
0.854466936,1.51,21.06348801,4.483234882,0.523303926,45.79988098,117.1210327,466.4493103,0,3.294471502,14.69238663,249.9801331,96.9,0.7,0
0.137536169,0.86,3.493092775,6.282958984,0.539472222,90.70847321,167.7056122,631.7164917,0,10.45063782,21.13143921,79.03035736,97.3,1.2,0
0.428419388,3.25,25.4703598,1.641093016,0.595346391,124.0225983,0,626.5061035,37.83475494,37.21858215,343.7288513,347.2156982,68.7,21.4,0
0.258492711,1.3,33.88466644,15.32913494,0.519225717,64.10282898,37.45628738,429.9825439,0,8.021313667,24.28395653,59.48606491,94.6,1.4,0
0.968193642,1.1,11.77400398,7.53681612,0.684251308,108.7983551,2.251334906,332.7722168,0.382676899,29.98121643,154.8624268,140.8220367,96.9,0.7,0
0.946248336,5.75,1.912051558,30.45795441,0.571768284,137.1847839,0,63.59529495,8.714512825,111.6805267,51.63243103,302.9294434,83,9,0
0.218306466,1.8,37.13467407,10.51722336,0.440502107,46.85856628,0,516.5498657,6.975291252,24.61160088,232.2350159,3.347826242,96.8,0.7,0
0.705112505,1.8,24.34672356,8.114831924,0.587082803,59.9283905,12.31812763,387.9353333,0,34.26699066,215.0007172,125.4005356,96.8,0.7,0
0.782637747,1.1,26.6218605,5.487647533,0.554541528,47.03746414,34.50756454,13.40947914,0,3.340575695,95.22937775,132.3095856,96.9,0.7,0
0.132460506,5.75,3.142738104,3.735616207,0.676459908,76.87956238,0,216.3782196,12.19965744,40.21731186,170.7072906,283.9632874,83,9,0
0.743992023,0.86,32.44025421,16.81126976,0.627815127,103.8427429,0.682723105,120.5419083,3.270945549,31.65411568,141.9495087,193.1681061,97.3,1.2,0
0.945711565,0.86,38.56591797,9.013866425,0.317490309,33.56453705,59.366745,0,7.12948513,16.72515678,144.793457,298.8818359,97.3,1.2,0
0.366888845,1.3,27.51059914,23.68510818,0.587789357,70.72897339,66.73733521,379.2443237,0.484436542,37.14394379,2.190747261,134.8890686,94.6,1.4,0
0.802379681,1.8,22.25802612,5.525102139,0.591606855,9.504127502,16.52323914,510.9420776,0,2.28316617,294.0671082,16.40564919,96.8,0.7,0
0.58744446,1.1,18.56821823,16.15637398,0.616071701,59.99860001,30.19044304,98.121521,0,30.13321114,90.50434113,167.6888885,96.9,0.7,0
0.549237295,0.86,28.97915649,14.98521233,0.597894371,81.81761932,0,25.36062241,4.139895916,48.37524414,131.1804504,83.24435425,97.3,1.2,0
0.021867144,1.34,41.99003601,10.63648891,0.439650059,14.95446014,19.98652649,12.33150959,0,60.79541016,148.3773193,8.245217323,97,1.5,0
0.907777024,1.8,37.25663376,5.020959377,0.546313941,96.29117584,0,715.4959106,99.71879578,103.7259293,580.8916626,134.8217468,96.8,0.7,0
0.197185809,1.8,43.6257515,3.157944679,0.482735693,84.17367554,0,72.35513306,10.30026913,17.46006012,197.2289886,74.27640533,96.8,0.7,0
0.822415762,1.1,24.96056557,10.46621227,0.625063062,35.2190361,13.87015915,229.8946838,0,10.3322773,51.4499054,131.620163,96.9,0.7,0
0.484412612,0.86,37.03992844,14.62852573,0.408222497,118.7941055,0,728.7457886,11.73350906,3.378520012,479.3108826,183.8409271,97.3,1.2,0
0.994438815,1.34,40.09566879,9.427375793,0.430972576,4.099956989,58.5124054,169.2552795,0,2.940413237,121.4036865,355.5892029,97,1.5,0
0.973641776,1.8,44.72800064,3.41605258,0.475249618,174.9415894,16.48411751,0.399272293,3.226775646,8.959049225,129.2418976,196.9376984,96.8,0.7,0
0.920961628,0.86,37.7804985,4.569272041,0.537667513,0.995195031,1.487575412,12.2571516,14.1760788,41.03502274,199.5921021,299.5079041,97.3,1.2,0
0.733573207,9.27,25.61444664,0.091514342,-0.053535976,157.605957,0,261.6404724,61.16860199,96.2366333,148.480423,3.596085548,94.08539095,2.645884774,0
0.388004614,1.1,32.84856033,1.773456931,0.528518796,30.08979416,12.76131344,259.680603,0,17.8506813,61.24579239,4.795563221,96.9,0.7,0
0.485328162,1.8,25.12488365,29.79652405,0.530353248,71.87889862,2.152865887,710.7527466,1.128661156,2.633074999,365.1477356,163.6746826,96.8,0.7,0
0.225864822,0.86,46.7457695,8.965431213,0.430020899,33.60271072,73.57089996,262.9117737,0,20.63116837,184.4260254,244.7591553,97.3,1.2,0
0.071135175,1.1,20.69392395,23.34178543,0.660024047,60.0409317,13.24531937,30.38202286,0,3.772000074,355.016449,168.1764221,96.9,0.7,0
0.630804265,1.8,49.09680939,7.95943737,0.349657536,25.46835327,61.9859581,6.885778427,0,33.35692215,202.5708008,345.7769165,96.8,0.7,0
0.284992879,0.86,48.00521469,1.720385075,0.564153135,0,66.85639191,277.4827881,4.973124504,5.95638895,97.21137238,91.15209961,97.3,1.2,0
0.490395725,0.86,11.1640625,12.51571941,0.561894,91.67166901,34.08456421,333.7054443,0,4.101317883,62.48144913,143.8179779,97.3,1.2,0
0.496918682,5.75,2.832192898,8.261192322,0.677276492,88.20004272,0,96.90447998,26.7586689,66.63555145,150.8811646,37.6055069,83,9,0
0.498450275,0.86,38.89569473,10.72716904,0.380084932,6.640711784,77.62718964,0,24.48663139,11.2678833,4.672255993,343.5849915,97.3,1.2,0
0.512992802,0.86,46.2400589,5.950254917,0.38808015,15.74283695,8.752662659,91.277771,0,10.18832493,227.1628571,88.15190125,97.3,1.2,0
0.790157396,1.8,27.55741692,7.288074017,0.653067112,160.9368439,9.952919006,213.7505951,0,19.09365654,203.9364929,338.6278076,96.8,0.7,0
0.744242982,0.86,52.03615189,3.387617826,0.339120001,19.72782516,19.96584702,53.94520187,0,2.5827353,37.81276321,112.2623138,97.3,1.2,0
0.262823344,9.27,29.6290741,7.822512627,0.560020864,38.42651367,4.140049458,390.180542,0,18.90919304,156.0108795,304.0241089,94.08539095,2.645884774,0
0.67584637,1.51,2.781640768,26.43870735,0.270468354,120.096611,131.3591919,636.6899414,14.06498718,17.9226265,6.00890398,121.4921951,96.9,0.7,0
0.823190756,0.86,28.77894783,5.080713749,0.408222169,14.68076611,0.016392412,38.41822433,8.244622231,29.26689339,115.8992538,151.3657074,97.3,1.2,0
0.85607741,3.25,36.24509048,3.365037918,0.565076709,41.10818863,0,7.13394165,25.15640259,54.82221222,75.0427475,184.6437683,67.5,21,0
0.001313136,1.3,8.723966599,10.79740047,0.572440088,24.78170395,39.48211288,95.91268921,0,13.56498337,201.7068787,119.0421143,94.6,1.4,0
0.255206545,0.86,50.63999557,12.36448479,0.296685696,74.17248535,181.668869,8.063150406,0.001940154,7.000201225,7.271370411,351.6741028,97.3,1.2,0
0.823211874,1.1,31.61865234,15.83808517,0.500613451,11.37454224,10.03992176,0,76.31221008,9.768839836,232.9201965,248.5078888,96.9,0.7,0
0.684262366,0.86,45.14936447,1.763513923,0.334695786,27.62199783,93.83052826,0,7.695122242,7.117025852,4.347094059,171.8074493,97.3,1.2,0
0.121065274,0.86,30.51509285,10.73427105,0.337293565,102.8502884,9.10567379,141.3306732,0,19.95251465,76.11364746,266.8543396,97.3,1.2,0
0.729706487,1.51,17.74253845,35.70473862,0.594063759,32.23069,5.109314442,0.021981075,19.84424782,78.66843414,172.1920624,319.4299927,96.9,0.7,0
0.210347607,0.86,27.66566277,20.41897011,0.447740376,85.55617523,60.86937714,523.6192017,0,10.39632225,196.0513916,239.0372009,97.3,1.2,0
0.391866587,0.86,47.45314407,6.074812889,0.345982671,3.555603504,17.01768494,0.170491472,17.84913254,17.52398682,14.86321449,129.9125366,97.3,1.2,0
0.154560637,0.86,41.58205414,8.085642815,0.359687507,187.2051392,11.82407475,271.9432068,0,36.64146423,162.4632721,186.9013214,97.3,1.2,0
0.806200393,1.8,25.95017242,20.36234093,0.595640004,175.2589569,28.63879585,197.420105,0,2.661370277,184.5279388,41.25120926,96.8,0.7,0
0.883309652,1.34,39.7387619,3.063846111,0.562247753,1.912641048,0.270139754,590.03302,58.24663925,3.354169607,458.6222534,265.5213013,97,1.5,0
0.541623149,0.86,55.17111588,12.65975857,0.287282586,4.796247005,157.2724915,98.61009216,0,7.437196255,32.13398361,43.3482666,97.3,1.2,0
0.356889202,3.25,19.83288956,9.279396057,0.572881997,53.1595726,14.26941013,540.9901123,0,42.65161896,272.9543762,209.9827271,68.7,21.4,0
0.159533417,0.86,40.7673378,11.78634739,0.428441197,4.215858459,14.55556202,125.247467,0.273886412,3.476803541,41.0473938,310.5925293,97.3,1.2,0
0.623720138,1.8,41.82223511,4.101896763,0.474848449,106.9022446,30.50841904,147.3978577,0,14.9911108,178.6001434,313.8831787,96.8,0.7,0
0.531537177,0.86,44.61277771,2.153100252,0.362292349,28.60039139,51.23452759,14.76805973,0,15.192276,255.1675873,66.25758362,97.3,1.2,0
0.201890857,1.3,22.18901253,6.310103893,0.519096673,53.1104393,111.7195282,488.2249451,0,7.288743019,124.8559265,181.3141174,94.6,1.4,0
0.567671797,0.86,36.73371887,8.12573719,0.494743913,25.04918861,15.31335831,378.0989685,0,4.55577755,187.9831848,321.2572632,97.3,1.2,0
0.586426798,1.3,35.12388992,7.827750206,0.503671229,17.98195267,51.85098267,396.3541565,0,26.03119278,188.8318787,209.2447815,94.6,1.4,0
0.912907749,1.3,29.27758217,20.84174919,0.598413527,41.5616188,50.03118134,400.2323914,0,23.78418732,6.985198975,115.8480759,94.6,1.4,0
0.445922312,5.75,1.240134239,5.963955879,0.398702025,263.9408569,18.64359283,196.2982635,37.07988739,71.07563019,27.31571388,61.6109581,83,9,0
0.657725883,1.34,45.93343353,3.117573261,0.504998088,1.197750807,31.21062851,2.240801811,36.33160019,43.86302185,51.88736725,251.3133545,97,1.5,0
0.991250311,1.8,44.31007385,6.54961586,0.440575153,117.4117508,0,694.770752,83.15247345,133.6795502,576.2167969,169.006485,96.8,0.7,0
0.23900692,1.51,16.86091995,6.733044624,0.620970428,145.7290802,6.038562298,510.8171692,0,63.8463974,178.3001099,176.2920532,96.9,0.7,0
0.761008654,0.86,47.03181839,3.486917257,0.391234726,13.78884888,19.81378746,324.9104004,0,6.218004227,306.2380981,265.6831055,97.3,1.2,0
0.168808733,1.8,26.02833939,32.57503891,0.652225137,156.0720825,0,764.8616333,37.02838516,32.04103088,497.4230042,355.4694519,96.8,0.7,0
0.215198013,0.86,53.44052505,3.256103992,0.293356806,51.78291321,51.50182724,12.60397816,0,25.96198845,179.2049713,6.094185829,97.3,1.2,0
0.577193231,0.86,44.67595291,3.603987932,0.370331496,33.00954056,0,125.6671982,9.046555519,22.86543846,237.8383026,71.60317993,97.3,1.2,0
0.737923929,1.8,22.5511837,11.34353065,0.520393968,20.25716019,54.97638321,182.7021942,1.080215335,18.61398697,0,197.994278,96.8,0.7,0
0.429872922,1.1,29.67632484,4.428673267,0.56753993,100.5179062,9.524810791,3.488412857,0.327730507,70.78482819,74.56707764,303.4309692,96.9,0.7,0
0.644478883,3,10.97949791,7.893620491,0.637726784,124.6487122,32.51964951,184.2057953,0,17.0980587,87.08925629,142.5217133,68,22,0
0.407657609,1.51,9.336594582,24.68102646,0.543974698,62.04678726,184.9155731,567.3673706,0,12.79100704,64.32998657,79.04612732,96.9,0.7,0
0.445416276,0.86,39.94301224,5.03134203,0.334565699,59.82781219,27.90666962,95.5881958,0,15.85946751,78.06163788,177.5535889,97.3,1.2,0
0.750871627,0.86,27.89466667,9.425941467,0.50580436,135.032135,131.8666077,410.1008301,0,3.503234148,132.5991974,318.0805664,97.3,1.2,0
0.426397511,1.8,38.52393723,2.371683836,0.501853526,58.16822433,18.96776199,0,26.45882797,55.9504776,297.6978455,173.2791443,96.8,0.7,0
0.808582505,0.86,46.30810165,3.454905033,0.344798058,68.35245514,76.94608307,92.51293182,0,33.09920502,56.09911346,349.7284546,97.3,1.2,0
0.62089436,1.1,23.0268364,5.681383133,0.550673366,117.8318558,26.0401268,578.8597412,0,36.15879059,216.9994354,23.32550812,96.9,0.7,0
0.779740615,5.75,2.093531609,33.99118805,0.53544575,193.4341736,4.939788342,102.1394119,84.66300964,42.84302902,48.70148468,249.2785187,83,9,0
0.793157686,0.86,27.39414024,30.84275627,0.647715211,40.65555573,39.48761749,0.384327203,3.187507153,39.73073196,145.4762115,303.5779724,97.3,1.2,0
0.74054626,1.8,51.70705032,5.307282925,0.541357279,120.4149704,50.4757843,331.4438171,0,23.35949898,241.2955475,180.1066284,96.8,0.7,0
0.886812703,0.86,34.11437225,20.16418076,0.315996051,29.43204117,34.96947861,28.25609016,4.064547062,28.33288956,0,28.22891426,97.3,1.2,0
0.863707318,0.86,46.17750168,7.038582325,0.448227376,15.60804367,32.18212128,324.3595276,0,16.91146469,98.11078644,77.98512268,97.3,1.2,0
0.772708984,1.1,33.52899933,6.672157764,0.580797553,73.61365509,0.241064906,203.1906281,0.9968521,28.67782974,309.578949,316.9747314,96.9,0.7,0
0.241293276,1.51,10.41461563,16.72827148,0.492710173,56.21153641,100.2571259,447.9245605,0,6.481809139,21.26716614,292.9407654,96.9,0.7,0
0.861480444,5.75,1.371286392,2.621328354,0.661984205,63.11203766,0,82.33178711,18.81912422,71.64137268,82.5309906,236.6594543,83,9,0
0.571181615,0.86,53.63861465,3.057546377,0.345822096,13.72933769,92.53689575,197.8486481,0,39.99584579,13.8455143,170.0245209,97.3,1.2,0
0.314226958,5.75,0.98170656,10.50330067,0.684275031,32.33096695,0,65.38757324,39.41211319,68.24798584,244.651474,302.8481445,83,9,0
0.958558868,1.51,5.948890686,6.980113983,0.546400785,2.318663836,0.149362177,46.83943558,79.12032318,43.33327484,17.35280037,209.4904938,96.9,0.7,0
0.964606103,1.3,4.705475807,31.23932457,0.494529903,93.69158936,186.0206451,679.9085693,0,50.24767303,52.20796204,89.97856903,94.6,1.4,0
0.073602488,0.86,48.05980682,8.235695839,0.590098679,1.183384061,31.17150116,62.35312271,2.12214613,11.75845432,221.8298035,313.6381226,97.3,1.2,0
0.951736062,0.86,31.37643814,7.174970627,0.437416375,8.10452652,22.66547012,287.6933289,0,26.37541962,182.8712921,120.9782257,97.3,1.2,0
0.606917526,0.86,42.03005981,14.25739956,0.44026807,25.75325012,35.86793518,7.901454926,0,2.570485115,48.32794571,16.52455711,97.3,1.2,0
0.376274122,0.86,30.24005508,5.493740559,0.468918055,117.3768311,117.8404465,409.9803162,0,24.5073967,129.4714355,253.1950073,97.3,1.2,0
0.409595711,1.51,21.79841423,26.26303101,0.605554223,52.92036057,0,249.8523407,1.807362795,32.53377914,77.4406662,77.04455566,96.9,0.7,0
0.586969919,1.8,46.667202,14.78475094,0.585762382,30.66589928,29.04413033,14.00313377,0,37.97413635,61.06185532,41.47332001,96.8,0.7,0
0.525809479,1.8,13.60301399,12.18969727,0.67478174,49.9838562,0.079744972,298.9970093,6.37341547,53.10230255,254.0404053,94.12388611,96.8,0.7,0
0.981283512,0.86,50.0886879,6.142010212,0.286346525,89.51198578,42.83749008,107.6275711,0,1.374823093,50.18107986,348.0453186,97.3,1.2,0
0.284775191,5.75,2.347920418,9.172244072,0.683520079,36.44626236,0,101.0684662,13.49578476,76.94898987,181.7058411,262.9857483,83,9,0
0.591502241,1.8,26.17401123,19.92408752,0.615675569,51.10736847,17.61849594,188.8624573,0,37.2532692,161.5304413,356.0800781,96.8,0.7,0
0.826443275,0.86,33.16049194,24.65079689,0.5109483,30.76711845,0,71.24247742,4.110754967,2.849154472,168.9253998,329.0277405,97.3,1.2,0
0.588830566,1.34,42.83406448,5.402331829,0.523076296,10.02932739,46.20014572,18.15118027,0,1.295751333,197.1620636,50.81552124,97,1.5,0
0.898598602,0.86,37.29349518,13.54727554,0.518593967,67.58711243,3.616995335,107.3449326,0,53.52137375,297.1951904,11.40028858,97.3,1.2,0
0.249094077,0.86,15.60036278,7.8767519,0.45810771,137.509903,14.57120609,290.6380005,39.07709503,43.41601181,97.29708099,88.47154236,97.3,1.2,0
0.042373664,1.3,25.07866669,4.390071869,0.565926433,74.74385071,26.12802887,521.2607422,0,23.36744499,128.455658,243.582489,94.6,1.4,0
0.847873768,2.29,29.68274689,2.603503942,0.668614388,57.27583313,56.6590004,163.6952057,0,38.02782822,158.0773315,304.8352356,78.6,16.4,0
0.832206604,0.86,20.80792809,6.469307899,0.516061246,25.93206978,8.978686333,52.00135422,0,8.949655533,82.4429245,196.1814575,97.3,1.2,0
0.408099322,1.82453252,32.94397736,0.944214225,0.280425012,87.26052094,92.86550903,90.8940506,9.17673111,47.18495941,0,20.00094795,94.08539095,2.645884774,0
0.291716916,1.8,25.81334114,8.518090248,0.645847142,60.8919754,0,323.0962219,12.91462994,34.32552338,44.18251419,225.5776978,96.8,0.7,0
0.096409716,1.8,48.91965866,3.943425417,0.588818133,27.2231617,1.640339613,1.533825636,3.49164629,28.63233948,217.9263916,217.1964264,96.8,0.7,0
0.303780691,1.51,1.791745543,2.428791285,0.626834869,80.41963196,12.24773788,6.156991005,0,35.51758957,150.4291992,238.5880432,96.9,0.7,0
0.362377877,0.86,32.86261749,8.739055634,0.60346818,0.083095118,61.83353806,366.0856018,4.435203552,8.310682297,14.57277584,197.5653839,97.3,1.2,0
0.235629942,1.8,35.23965454,16.72144699,0.527157187,25.27587128,0,14.54234791,7.739228725,52.34009171,284.7630005,25.37260818,96.8,0.7,0
0.403338206,0.86,41.23796463,8.662607193,0.287740767,25.61679649,56.17281342,26.18423462,0,25.04919434,17.75884819,178.1502686,97.3,1.2,0
0.3972053,3.25,24.55930519,2.426529169,0.613222539,121.8950348,130.2013855,669.9069824,0,47.59077835,302.1487122,333.7990417,68.7,21.4,0
0.296292214,0.86,45.36834335,4.812247753,0.476323426,159.7176361,0.102874868,661.1487427,1.819837809,60.54794312,486.7060242,18.89965248,97.3,1.2,0
0.7197599,0.86,49.97718048,9.566286087,0.319193006,23.12721252,67.78842163,0,5.546552658,11.61740112,10.3752737,156.9004059,97.3,1.2,0
0.952386354,1.8,31.29557991,6.940058708,0.488028705,16.62873268,16.73001289,245.9641724,0,15.49449348,135.5242157,30.23560524,96.8,0.7,0
0.945993747,0.86,53.93040466,5.283565521,0.306605399,50.34323502,74.43649292,185.390625,0.739168763,31.82475281,2.432855368,232.7471619,97.3,1.2,0
0.999473392,1.8,17.48277664,28.02593994,0.549373746,224.8159943,0,953.8708496,34.81328964,8.975111961,616.0688477,10.41789532,96.8,0.7,0
0.414212283,1.1,19.67649651,35.987957,0.663808227,48.09354782,0,63.56836319,29.00952148,28.47826958,43.4065361,1.253290653,96.9,0.7,0
0.973361294,1.8,46.57019424,8.294543266,0.481938928,69.19290161,0,743.0704956,14.69184589,71.4349823,573.626709,124.2288437,96.8,0.7,0
0.647553617,0.86,57.38959122,1.859258056,0.329670817,158.0606232,18.17169952,231.7113647,0,18.04258728,128.5632019,138.1325989,97.3,1.2,0
0.422733117,3,14.48497963,6.721766949,0.665919244,26.99647141,27.97185516,264.4384155,0,1.772400618,171.7333374,231.1128693,68,22,0
0.41760933,0.86,47.44286346,0.732635438,0.39201358,3.478316784,124.1725845,32.41513062,0.164816275,6.41168642,41.77026367,147.8841248,97.3,1.2,0
0.068914767,0.86,45.39318085,5.587409019,0.390796304,6.534591198,45.54714584,39.704319,0,30.86175728,8.843671799,123.7848053,97.3,1.2,0
0.514641536,1.3,34.70901871,7.851191044,0.515980124,26.74526978,48.30958557,412.9104309,0,26.03890038,5.228488445,97.34241486,94.6,1.4,0
0.37592719,3.25,17.72374535,13.42323208,0.508687198,168.8012848,39.60897064,572.5083008,0,21.49811172,239.2046051,304.8608398,68.7,21.4,0
0.959600983,1.3,29.74274635,10.21358299,0.640822291,55.80598831,5.213107586,84.58688354,0,16.78794861,163.1279755,78.40956116,94.6,1.4,0
0.180953076,0.86,32.52210999,5.113358021,0.328709066,15.63423061,20.50332832,14.14497948,1.5553509,14.24168015,0.353257835,127.3933792,97.3,1.2,0
0.035118659,0.86,38.85782623,22.00063705,0.25059402,52.98163605,132.7795868,163.0526276,19.47401047,30.61946487,0,169.9525452,97.3,1.2,0
0.044091364,1.8,47.65320206,6.419881344,0.350992322,0.995807648,2.300122499,55.45752335,3.890143633,23.73500252,170.1610565,139.7497711,96.8,0.7,0
0.047691137,1.1,20.93047333,7.19060564,0.649429381,175.5467529,1.33222723,144.3618011,1.625110269,19.87894058,323.4385376,285.8344116,96.9,0.7,0
0.513408423,4.5,34.27638245,5.768024445,0.523276389,37.29602814,1.491418123,41.32859039,1.719245553,11.70314789,64.34661865,263.8591614,94.4,0.6,0
0.750205344,1.1,26.63999939,7.077115059,0.667999625,37.06376266,35.38700104,175.162323,0,16.60556221,65.98474884,182.6469727,96.9,0.7,0
0.080680196,1.8,45.39264679,15.07053375,0.56117928,14.03267288,0.298819929,4.062554836,46.04309464,41.5897789,148.3546448,69.70284271,96.8,0.7,0
0.840221299,1.8,27.11346245,7.053175449,0.664302886,51.77331543,0,439.3936768,21.18331718,44.01272964,298.8010254,322.697876,96.8,0.7,0
0.18693889,1.3,20.72771263,33.27394104,0.618212581,35.34152603,10.30543995,86.94229126,0,3.707439899,169.4730835,125.1974258,94.6,1.4,0
0.554515546,1,1.415511489,1.947219014,0.183079988,101.2166672,60.51437378,559.1463013,35.40406418,89.65807343,12.2464819,125.5933228,14.6,47.9,0
0.844032012,1.1,21.60297775,32.15724564,0.569853246,51.1602211,8.04071331,186.0098877,0,67.14226532,63.997612,170.8052063,96.9,0.7,0
0.587790821,0.86,46.84389877,3.270477057,0.390303284,29.62908745,82.28757477,321.9369507,0,23.48286057,195.3887024,72.11556244,97.3,1.2,0
0.04745997,1.3,30.67442131,12.07861042,0.61558032,48.23887634,37.47547531,247.9208832,0,19.09982872,39.23244476,164.9972839,94.6,1.4,0
0.746641993,1.3,23.7627697,9.223689079,0.605615318,22.826334,0,14.11047363,9.297476768,33.54109955,107.2506866,202.0662384,94.6,1.4,0
0.000245578,1,1.553124547,2.260112524,0.237086326,164.4637299,37.71874619,362.5549927,58.34794617,90.69983673,26.98681641,241.2307129,14.6,47.9,0
0.947844623,1.34,45.86687088,0.43021518,0.37758103,38.22267532,89.11348724,83.43722534,0,12.23554897,29.03081322,272.5776978,97,1.5,0
0.592077007,1.1,21.77201462,0.169536173,0.690685868,9.842083931,26.076828,167.6220856,0,2.933489323,247.2397614,138.3050995,96.9,0.7,0
0.507428543,0.86,48.95423889,9.542974472,0.40679723,14.34892559,40.79332352,103.6366959,0,15.12417603,99.4868927,202.7415619,97.3,1.2,0
0.239105212,1.1,30.34251022,16.53102303,0.624945581,111.2833405,0,193.028717,4.541006088,11.04701996,323.8038025,221.2133026,96.9,0.7,0
0.42502001,0.86,43.79673767,0.882651269,0.358173519,40.9422226,56.19444656,72.85577393,0,27.49324417,150.2819519,34.55543137,97.3,1.2,0
0.810151372,1.34,38.77200699,4.491891861,0.62319243,0,10.57908821,59.84701538,8.827136993,8.885209084,133.5033264,228.6051941,97,1.5,0
0.817670029,1.3,23.30364418,11.87314224,0.607107282,52.06661606,1.019079804,14.86811161,0.304790825,4.465585709,94.90041351,338.822937,94.6,1.4,0
0.173680414,3.25,23.03536797,3.817445755,0.509942949,157.384964,15.37330914,598.053833,0,5.364767551,247.9726715,344.1191711,68.7,21.4,0
0.841482191,1.8,45.2040062,5.560741901,0.533518732,26.15210724,0,287.410675,11.59362793,37.20661163,259.7302246,320.6947021,96.8,0.7,0
0.256587312,5.75,3.978813648,7.264923573,0.685307741,38.38702011,0,24.84836006,12.42556381,44.57128525,402.5125427,32.49927521,83,9,0
0.248961713,1.8,49.20161057,4.772363186,0.531622291,48.0266304,68.94752502,0.83288157,0.322351098,47.0207634,183.6421661,276.2250366,96.8,0.7,0
0.13196027,1.3,13.04223919,14.66567898,0.587767303,82.7358551,115.4127655,427.3101501,0,7.768992424,92.5072937,187.4288025,94.6,1.4,0
0.706127848,0.86,44.97353745,1.695740342,0.517064452,0.25049758,70.54706573,3.842943192,29.58178711,31.87178802,17.30493736,5.951198101,97.3,1.2,0
0.170595867,1.8,15.01398754,16.70775032,0.665394127,96.26886749,3.007242918,90.19708252,0.345145017,35.84795761,161.3963623,46.57748795,96.8,0.7,0
0.471481339,1.3,13.11235714,5.616509914,0.459601134,104.3501282,27.90730095,362.8600464,0,13.1226902,22.76251221,222.3913269,94.6,1.4,0
0.622601481,1.1,23.39382935,22.53912926,0.596305847,60.14980316,8.194975853,149.9639587,0.003237494,35.14570618,92.09843445,339.8029175,96.9,0.7,0
0.68333225,0.86,46.60404205,8.182454109,0.26741457,57.87298965,50.7898407,69.62062073,0,25.81025314,68.80486298,281.7632141,97.3,1.2,0
0.916138912,4.5,32.57964706,17.95643044,0.5833202,219.7340698,10.65828514,185.076355,0,31.86252213,239.4431915,0.047130629,94.4,0.6,0
0.646852094,0.86,47.87321472,2.221380949,0.448198259,23.71272278,44.28431702,107.8929138,0,46.13516235,227.967453,213.8143616,97.3,1.2,0
0.016295335,1.1,11.54958248,3.548765898,0.680332482,37.89841461,39.79936218,56.03562927,0,18.13246536,310.2188721,297.7985229,96.9,0.7,0
0.503492284,1.8,40.94857025,14.06118202,0.537204742,86.15533447,0,748.6065674,67.50852203,87.01047516,631.9794312,51.5555687,96.8,0.7,0
0.823294132,1.3,15.3313694,9.120874405,0.546936154,20.47187996,114.2008286,441.1300964,0,6.572351456,133.5505676,132.5148773,94.6,1.4,0
0.797352639,1.1,25.21764946,15.99014568,0.578240037,21.4693737,49.51106644,809.6229858,14.1262989,11.71809769,449.5845032,246.8062744,96.9,0.7,0
0.612778621,1.82453252,1.488581181,0.060064256,-0.040879793,176.0062256,21.35202599,42.06203842,82.26888275,85.41644287,0,181.533905,94.08539095,2.645884774,0
0.709759606,0.86,48.3549614,0.748633265,0.422350466,19.98828697,39.04116058,0,18.03619003,17.03126717,246.5684967,137.3736725,97.3,1.2,0
0.847251339,1.51,19.60487366,6.732405663,0.596558452,53.77244949,91.11323547,436.4441528,0,3.85775876,36.01272964,91.37371826,96.9,0.7,0
0.68740437,5.75,1.457771897,10.82415009,0.65240705,106.7813339,0,8.603996277,24.71261597,36.55007935,30.92673874,333.7653198,83,9,0
0.830945232,1.34,50.08912277,2.674588203,0.493460625,66.27991486,28.23035812,372.4530029,0,3.335080147,304.0010376,35.50935745,97,1.5,0
0.837782926,1.8,52.45590973,2.763138533,0.560625255,63.27431107,2.403603554,0,27.65477753,29.65265846,145.6683502,232.7710266,96.8,0.7,0
0.825304331,0.86,49.09005356,5.503140926,0.249712378,55.4352684,26.01759338,5.864814281,0,43.42504501,44.06741714,323.1166077,97.3,1.2,0
0.800111636,1.8,27.31101418,17.25213051,0.664290309,80.40627289,0,403.2788086,19.11971855,34.27362061,280.642395,257.2904663,96.8,0.7,0
0.224900762,1.1,4.391710281,12.23043346,0.686457515,43.24570465,0,257.9573364,4.58494997,35.36344528,196.8150024,293.1121216,96.9,0.7,0
0.317838265,0.86,45.21614075,9.117658615,0.307657689,27.79803848,99.51007843,1.043490648,1.532510996,2.615867138,15.70885372,38.32960892,97.3,1.2,0
0.54525124,0.86,50.48068237,2.923564434,0.295596898,102.6910629,62.70692444,124.6959381,0,22.09950829,27.63646698,141.349823,97.3,1.2,0
0.78636018,5.75,0.949325264,2.205632687,0.679958165,47.48455811,0,61.59949112,43.75934219,79.89378357,286.2504578,216.52034,83,9,0
0.853412522,0.86,41.14512634,7.037437916,0.33030358,34.70156097,9.135579109,0,7.962650776,24.16142082,269.8120422,45.41222382,97.3,1.2,0
0.444946862,9.27,25.6630497,2.364053249,-0.057132676,109.4472275,0,374.9691467,59.63650131,62.45750809,83.8015976,35.83750153,94.08539095,2.645884774,0
0.024161219,0.86,44.5997467,12.48333168,0.364770412,20.88470268,18.08348846,597.4858398,0,30.37343979,306.9919434,331.7138977,97.3,1.2,0
0.260507387,1.51,25.82146263,10.32979774,0.585340559,35.57427216,2.012645721,0,19.2979641,58.13405991,189.1664276,348.5732727,96.9,0.7,0
0.426499552,1,-0.33375892,11.68034077,0.251139283,82.65127563,101.5891647,631.7784424,41.0033493,57.17466736,0.58790791,191.8010406,14.6,47.9,0
0.54822677,0.86,14.57692242,11.7738781,0.507721066,49.31420898,178.1991425,534.8969727,0,7.659776211,50.24358368,271.6940308,97.3,1.2,0
0.512983582,0.86,42.98858643,8.830542564,0.337156028,29.97295189,29.02183723,0.495406836,3.218546391,26.98825645,100.812439,268.5953369,97.3,1.2,0
0.576015874,5.75,1.130877852,8.649405479,0.661599338,21.13082504,0,22.27371025,53.7453804,57.60879517,237.5441589,15.50403309,83,9,0
0.028441439,9.27,25.46984863,4.608026505,-0.052602485,99.75035095,0,384.7757263,37.2368927,41.22108841,62.71971512,152.8779449,94.08539095,2.645884774,0
0.764347383,1.8,35.72880554,14.52905846,0.552570581,62.52165985,0.01299483,670.2792969,4.573175907,4.893883228,454.1837769,163.1238403,96.8,0.7,0
0.468412307,0.86,45.00681305,4.136245728,0.335544169,126.7228546,39.27922821,126.4711761,0,9.6432724,108.4509506,126.9189224,97.3,1.2,0
0.353960795,0.86,38.0058136,7.598344326,0.322240025,16.09665871,60.91939163,28.65257454,0,14.47718716,171.1038055,238.0167542,97.3,1.2,0
0.400142738,0.86,51.89762497,2.289613724,0.294674903,35.83745575,88.98381042,49.67505264,0,19.23307991,63.69757462,232.4546356,97.3,1.2,0
0.928895467,1.3,34.12966919,8.180376053,0.431617588,17.96826172,30.26301956,0,21.96870041,22.02940369,61.98878479,254.8309631,94.6,1.4,0
0.227629851,1.1,31.08367729,10.6546936,0.656360149,38.58223724,43.15003967,157.1019135,0,38.76366425,182.3194885,275.6652832,96.9,0.7,0
0.920995239,0.86,22.62952805,6.502021313,0.555379391,45.90413666,168.2602692,622.9551392,0,34.49290466,168.4641876,184.3079529,97.3,1.2,0
0.93750737,4.5,39.48325348,18.65110397,0.659745753,58.08339691,0,606.6078491,103.8088989,52.92005539,516.1582031,271.7943115,94.4,0.6,0
0.165991482,3.25,24.73136711,3.015391111,0.635284185,155.1536102,57.07958221,631.8748169,0,38.67681122,300.3811035,121.9475708,68.7,21.4,0
0.448276032,0.86,52.50302505,5.277124882,0.314362735,27.27958107,40.77318954,9.545856476,0,1.84451282,235.5322571,244.4749756,97.3,1.2,0
0.312137586,1.82453252,44.94091415,11.69273663,0.333176434,131.0553741,43.61785126,80.11103821,7.538348198,52.33992004,0,352.1855469,94.08539095,2.645884774,0
0.312272628,5.75,1.438999534,6.684993744,0.391325474,229.8724365,2.520541906,261.8617554,98.60826111,128.3399963,35.20319366,275.3009949,83,9,0
0.477834608,0.86,48.83846283,6.074122429,0.30745098,27.40839386,145.9696655,100.342598,0,1.780371785,10.17955303,262.4910583,97.3,1.2,0
0.688328912,1.8,42.97070694,4.347990036,0.397292227,56.17585373,7.268237114,51.96787262,0,22.08301735,135.9536591,130.0588684,96.8,0.7,0
0.069863332,5.75,2.480319262,2.955812216,0.528272271,160.9130096,0.502961814,204.8845367,22.92231941,55.29122925,28.81306458,83.02274323,83,9,0
0.57837122,0.86,38.72766876,3.209321022,0.345961988,71.75455475,21.18793488,57.82711411,0,3.381046057,73.04401398,157.6233826,97.3,1.2,0
0.423950089,1.8,25.76327324,4.430359364,0.60106653,94.21895599,14.03851795,688.5082397,0,14.38989544,345.9119263,328.1867065,96.8,0.7,0
0.963460975,1.8,42.25554657,5.279801846,0.581161261,63.80195999,0,758.0100708,49.26560211,71.23976898,620.1783447,30.10772514,96.8,0.7,0
0.801172739,1.3,26.46207619,15.24102211,0.623324275,74.6484375,43.39408112,309.3091125,0,2.585458279,56.93710709,296.4071045,94.6,1.4,0
0.679401098,1.1,12.30852604,7.043355942,0.505302072,199.1625061,12.4834137,227.3061371,0,5.034346104,27.62796402,226.5547028,96.9,0.7,0
0.080219499,0.86,43.87264252,13.59700108,0.41636014,17.26919746,43.03616333,340.9708252,0,14.57128716,269.2867432,51.74983978,97.3,1.2,0
0.71254468,1.1,11.89141464,2.646660805,0.67842406,74.03559875,18.20476341,210.7789764,0,26.73971939,200.973114,242.6514435,96.9,0.7,0
0.307806034,5.75,3.443962812,20.90429878,0.665001094,71.6805954,8.100296021,78.93289948,0,31.54512596,134.4350281,131.1980743,83,9,0
0.05549718,1.51,13.42589378,37.34910583,0.439849377,108.6056061,30.46759605,367.9125671,0.449542254,19.38788223,54.77046585,337.4463806,96.9,0.7,0
0.164867319,0.86,43.56100082,9.544546127,0.329262137,1.648296595,84.07268524,0.973106921,22.44085884,29.40499878,4.881762981,357.6729736,97.3,1.2,0
0.676371043,1.1,4.044463158,7.132884026,0.518718004,23.02699471,57.74958038,647.8369751,0,116.5111771,18.91184044,47.22883606,96.9,0.7,0
0.383962811,1.8,52.86258698,1.135260344,0.603471339,72.73748016,0.023313623,6.581677437,14.07448673,50.72768402,176.5392609,50.7681427,96.8,0.7,0
0.952758052,0.86,29.67795944,18.54932213,0.414262861,162.3046722,0.495020777,590.3187256,0,3.247703314,184.8932953,178.4852295,97.3,1.2,0
0.068401076,1.8,4.126656055,6.07253933,0.6585747,78.69327545,0,95.72128296,12.47145748,34.86480331,167.1386871,171.4405365,96.8,0.7,0
0.759686801,1.3,30.14896202,1.606824279,0.63283515,16.11694527,75.20059967,253.9338379,0,2.588918686,88.00955963,333.1765442,94.6,1.4,0
0.907120833,0.86,40.75523376,6.371672153,0.315268874,31.21782875,41.93897629,48.07567596,2.440903902,17.20583725,0.21938616,340.8110352,97.3,1.2,0
0.829700738,1.34,40.31693268,3.330444813,0.44157967,2.074270725,18.50402832,25.13354874,0.252419293,4.339777946,284.8980713,14.86489105,97,1.5,0
0.437999999,1.8,52.65570831,3.502643585,0.509258449,85.98117828,52.72846985,0,40.73262405,36.74241257,200.5557404,136.1151733,96.8,0.7,0
0.170745074,1.82453252,1.675361753,0.121904962,0.07042069,168.8444824,8.75904274,29.16768646,76.77983093,95.58612061,0,338.1856689,94.08539095,2.645884774,0
0.303889389,1.1,3.255483866,23.26466179,0.67740649,78.93279266,1.246271133,132.992157,0.684845269,21.14579391,30.5797596,77.61625671,96.9,0.7,0
0.060866495,1.3,19.56608772,16.41299438,0.51347661,82.76683044,34.39979172,513.3027344,0,19.98366547,131.1138611,134.2641907,94.6,1.4,0
0.531715401,0.86,19.4985733,6.387747765,0.369587123,122.7228546,47.62289047,102.7884674,0,29.74501801,53.43434143,152.1701508,97.3,1.2,0
0.175884752,1.8,35.50491333,17.29753685,0.504025102,17.01775169,4.345208645,0.042364564,30.16249847,49.51096344,213.7917023,113.8869171,96.8,0.7,0
0.20451873,0.86,48.65987015,9.010695457,0.40591374,36.4896965,13.08209229,86.46475983,0,21.40035248,166.5976715,290.2363586,97.3,1.2,0
0.047482152,1.51,9.021530151,17.79873657,0.604972184,115.5906296,1.421414137,0.812373459,63.21705246,66.07324219,14.53120422,261.2253418,96.9,0.7,0
0.481984818,1.82453252,1.692424536,0.41000843,0.528876245,59.55750656,4.021625042,64.40704346,28.36969376,66.43660736,0.084928863,75.86444092,94.08539095,2.645884774,0
0.476676774,0.86,44.65373611,7.183628559,0.356128395,5.925318241,23.28989983,215.196106,0,28.56807327,324.6259155,174.3474426,97.3,1.2,0
0.174774401,0.86,23.35340691,4.081675529,0.509119511,94.80167389,93.12341309,586.1334839,0,39.12374496,176.6844482,230.0580139,97.3,1.2,0
0.848953229,0.86,26.43528175,5.643812656,0.44125843,82.70362854,7.239008904,98.73809052,0,26.03458023,119.3256531,356.1974487,97.3,1.2,0
0.073907737,5.75,2.992350817,3.317838192,0.669399202,96.06332397,0,58.1693573,34.37277603,87.0164032,345.5327148,148.4871979,83,9,0
0.775758563,0.86,51.78808594,2.159974098,0.571462035,1.844117403,20.15067482,17.32432175,1.910975695,14.90765095,179.7740479,68.84803772,97.3,1.2,0
0.005099183,1.8,47.51329422,1.983672142,0.507157922,33.56835175,42.87398911,0,31.28903198,25.04062653,122.2443771,43.15769958,96.8,0.7,0
0.129714919,1.34,13.71581173,23.42004395,0.641077697,115.6375122,4.317701817,530.1013794,0.108068667,61.2759819,218.3355713,275.4881592,97,1.5,0
0.697528806,1.3,9.771064758,7.778926849,0.480647326,87.18567657,41.0722847,362.0795288,0,2.195297718,71.53911591,255.8668976,94.6,1.4,0
0.426178487,1.8,38.22810745,8.990605354,0.579571068,46.51396942,0,541.2122192,56.38405609,32.26646423,429.7834473,178.6115112,96.8,0.7,0
0.468207016,1.1,15.07740307,12.92938042,0.658805966,120.1446762,6.668551445,0,28.47170067,102.8391266,38.14110947,103.2507324,96.9,0.7,0
0.20481978,1.1,9.031537056,11.28345871,0.535799801,17.19091797,10.44087505,691.9915161,2.442863941,161.5065918,61.98834229,306.2336426,96.9,0.7,0
0.629189868,1.1,5.219590187,0.117693365,0.133898228,119.574791,89.91190338,174.8624573,14.00661087,31.20982552,0,82.8004303,96.9,0.7,0
0.5406212,0.86,40.88126755,6.824593544,0.353811115,55.90863037,16.70385933,0.516104102,7.297753811,62.41588211,140.532135,294.6815796,97.3,1.2,0
0.047591584,1.1,9.473093033,23.49731827,0.6867311,97.52780914,5.04489994,343.3453369,0,13.59395218,102.2644196,216.4568024,96.9,0.7,0
0.449633626,0.86,37.77819443,14.13538551,0.387953728,30.31688881,1.90690589,87.36066437,0.244197398,45.56843567,91.59041595,315.3047791,97.3,1.2,0
0.782892845,1.8,50.78318787,7.412886143,0.38133049,22.416996,55.40857697,12.69211769,0,20.12814522,237.6004639,124.4243851,96.8,0.7,0
0.397092796,0.86,35.25387573,17.24932671,0.313801497,44.98233032,33.11370087,29.58303642,1.957695961,29.84056854,0.963151991,167.6289368,97.3,1.2,0
0.001376532,0.86,14.23074245,0.250293493,0.167121962,97.21990204,40.89540863,263.4133301,14.70968914,28.71603394,16.05903244,255.4871979,97.3,1.2,0
0.505839688,2.29,25.98644257,5.224501133,0.63431567,78.56519318,34.82413483,155.862442,0.08568944,33.1033783,154.0586853,0.401919216,78.6,16.4,0
0.051416786,1.34,37.50365448,5.400551319,0.453047156,10.81680107,6.956530094,0,18.98620415,9.016711235,222.814209,325.4898987,97,1.5,0
0.691345626,0.86,27.32323837,18.67326164,0.563779593,130.9002991,0,136.0247192,1.462509632,19.57361031,219.789566,290.7890625,97.3,1.2,0
0.295145459,1.8,53.63851929,5.967200279,0.675160408,137.015625,0,257.6215515,8.58490181,53.35108185,114.9117966,29.14071846,96.8,0.7,0
0.304456442,0.86,45.6533165,0.939766526,0.302201867,41.63885117,60.33418655,47.61642838,0,15.28912544,12.28734493,5.499131203,97.3,1.2,0
0.732560962,4.5,34.06627655,20.653862,0.672567785,9.999149323,3.014214754,21.09727097,1.065499663,36.40642929,107.3622208,198.1303711,94.4,0.6,0
0.618606353,0.86,46.56477737,10.73942947,0.376328766,60.74227142,17.08174133,80.97975922,0,74.46585083,148.3448486,323.7256775,97.3,1.2,0
0.484988278,1.1,1.38582778,10.45520592,0.692301095,114.766716,0,210.0063324,22.02277184,75.27340698,102.4657669,250.3186798,96.9,0.7,0
0.846740871,1.8,29.6143074,14.56952477,0.43534261,71.28590393,24.96444893,102.3976135,0,24.81380081,118.7350235,66.53636932,96.8,0.7,0
0.249105934,1.8,37.50018692,2.87186861,0.534174681,48.90876389,4.580058098,641.2160034,0.120242424,23.2918129,438.7243347,323.0039978,96.8,0.7,0
0.698654529,1.1,32.67757797,2.972056627,0.678028405,0,38.32493973,245.0714874,9.396502495,14.57861614,102.8694305,101.297554,96.9,0.7,0
0.803524493,1.1,2.023011684,9.015145302,0.554676771,17.98250389,19.91419411,684.3080444,0.834887147,139.0214691,39.40132523,319.4899597,96.9,0.7,0
0.308390335,0.86,43.68154144,5.440510273,0.292096704,28.08515549,70.3395462,52.14484787,0,15.73234367,45.48644638,338.9477234,97.3,1.2,0
0.096396308,1.1,48.01813889,1.041890144,0.551847994,145.0734863,11.05999088,184.2917786,0,10.64563751,101.0575867,48.1413269,96.9,0.7,0
0.626582797,1.1,24.00000191,10.15247345,0.522508979,94.65542603,66.28526306,467.0942078,0,10.44594383,99.35511017,125.0916367,96.9,0.7,0
0.722262999,5.75,1.811197042,6.584888458,0.508283019,190.8334808,6.265169144,85.13869476,93.66021729,57.52422333,23.18404388,163.2275848,83,9,0
0.742397723,1.51,1.630369425,2.822365046,0.665279448,97.5582962,0,14.27018356,46.16072083,72.63382721,36.62068176,107.1063004,96.9,0.7,0
0.871687818,1.8,51.60993195,3.554432631,0.535235643,59.62497711,5.167154312,0,0.210875884,48.26316452,195.065918,352.9035645,96.8,0.7,0
0.546896016,1.3,30.81036377,7.014993191,0.426417172,32.84293365,36.13607025,294.1056519,0,27.44501686,6.484613895,35.37711334,94.6,1.4,0
0.627777355,4.5,36.98364258,4.317945957,0.651696265,57.38760757,0.550275207,68.45606232,2.412997007,40.48152542,235.1818848,51.41799164,94.4,0.6,0
0.388970401,0.86,45.3658371,5.714449406,0.33339259,122.2954865,18.94861412,109.6072922,0,9.705799103,124.391922,95.67588043,97.3,1.2,0
0.280409378,0.86,50.28773117,7.308979511,0.358923882,11.518363,77.71915436,49.37284851,0,37.63801956,69.41833496,250.4087067,97.3,1.2,0
0.609119693,0.86,39.12733841,8.217928886,0.347060472,140.071106,33.36188889,1.068655729,1.977435708,3.068345785,76.02972412,267.0158691,97.3,1.2,0
0.072079104,0.86,49.14041138,1.09327209,0.315955073,8.812666893,41.31983185,147.1845703,0,28.0418148,250.4716644,93.60979462,97.3,1.2,0
0.438860759,1.3,15.45985889,4.083633423,0.467933446,46.64027405,97.92018127,434.5455017,0,46.3597908,79.39867401,177.3039856,94.6,1.4,0
0.737598001,1,0.886592269,5.277397633,0.168803886,99.49591827,93.43759918,582.9165039,45.03098297,83.74047852,18.05072784,23.47998047,14.6,47.9,0
0.816601524,0.86,39.2339325,10.92488384,0.492935449,76.7857132,8.369933128,113.6317062,0,38.00673294,293.6967773,338.551239,97.3,1.2,0
0.298507209,0.86,51.79780579,3.517059803,0.319935828,57.60468674,43.45117569,28.74501991,0,18.60564041,80.702034,219.5813141,97.3,1.2,0
0.906938571,0.86,37.84459686,8.676568031,0.494764715,31.9989872,14.91102028,305.1586914,0,9.603248596,103.1999054,311.346283,97.3,1.2,0
0.046978231,1.1,18.34925079,7.851789474,0.671910346,26.83709145,0,40.08990097,15.96696854,15.51451397,52.60618973,77.9032135,96.9,0.7,0
0.495654662,0.86,38.04025269,19.05521774,0.35002616,96.40997314,63.66469193,3.907095194,0,3.148458481,85.63439941,140.9235382,97.3,1.2,0
0.148899794,0.86,22.55882072,13.29695129,0.474165112,20.76250648,94.92077637,423.1404724,0,6.355611801,142.0932312,193.6077576,97.3,1.2,0
0.798319139,0.86,49.85307693,5.660886288,0.397315681,10.3915329,36.44534302,60.73941422,0,4.640319347,166.585907,112.4714813,97.3,1.2,0
0.09711042,0.86,33.10742569,13.38718128,0.479375154,163.4895477,12.41108608,212.0797577,0,5.133146763,158.8596649,194.7092285,97.3,1.2,0
0.676476504,3.25,36.78938675,6.049070358,0.538270473,10.07855129,0,5.014587402,19.71648026,18.62436676,69.77836609,198.0445251,67.5,21,0
0.08984692,4.5,36.70559692,12.95712471,0.689572215,31.73794365,0,49.37811279,13.36138058,65.56206512,248.2859802,190.8074799,94.4,0.6,0
0.071156796,5.75,1.937761426,2.551404953,0.401578009,119.8632126,66.93688202,344.7200623,21.13797188,36.09647369,57.91442871,102.3562393,83,9,0
0.787714362,5.75,1.264267087,9.37656498,0.588883996,89.25208282,0,77.54584503,26.3192215,58.80941391,7.123720169,194.5266418,83,9,0
0.766418092,1.8,30.45354462,9.591499329,0.492099524,21.04197502,4.159758091,0.032921787,19.5509758,43.99105072,222.8288422,87.01445007,96.8,0.7,0
0.31767086,1.3,31.07349968,5.694262028,0.493445426,4.684760094,100.1606064,550.3131714,0,5.172994614,186.7225189,203.2791901,94.6,1.4,0
0.659244556,1.51,22.90407181,24.52753639,0.51472497,86.80630493,57.07442856,398.6972656,0.40421024,6.446917534,35.71154404,310.7943115,96.9,0.7,0
0.594519493,1.8,47.55420303,7.856067181,0.449736297,85.20968628,15.68821526,77.27655792,0,15.58948612,172.7729034,131.2119904,96.8,0.7,0
0.337042072,0.86,37.42744446,16.89236259,0.439481974,26.06589127,137.3680725,240.5010529,0,4.042977333,91.18508911,347.4783936,97.3,1.2,0
0.104523154,1.1,18.5829525,21.98054123,0.614040732,101.9562302,8.964596748,97.83620453,0,60.21725082,290.8598633,236.094101,96.9,0.7,0
0.160429662,0.86,43.98229218,11.24621677,0.29107821,171.1890411,22.31504059,635.6467285,0,22.31899071,448.4567566,344.9326172,97.3,1.2,0
0.683332986,0.86,25.35869026,2.660548687,0.390315056,44.44326401,0,323.6079712,5.550376892,39.71346664,131.7806244,229.4789276,97.3,1.2,0
0.307100532,0.86,44.59506989,32.43110275,0.342326909,48.91885757,149.6019287,129.47258,1.132310867,18.50050163,2.2984972,160.550415,97.3,1.2,0
0.616375291,0.86,38.68933868,6.22945118,0.366551757,42.32873154,1.156454563,42.79981995,1.552632093,41.91509247,35.01005554,229.2585754,97.3,1.2,0
0.502275115,0.86,48.13357544,4.150714874,0.243263125,23.63877678,37.33784866,26.25924301,0,21.40353966,70.17710114,353.9255676,97.3,1.2,0
0.88148756,1.3,9.720251083,12.97426128,0.52248764,54.35447311,6.916868687,694.6188965,1.47047174,92.93236542,137.1403961,107.2962341,94.6,1.4,0
0.334147591,0.86,37.54136658,24.62759972,0.474557996,56.46658707,30.6558876,132.3476715,0,38.16573715,163.8366699,97.31436157,97.3,1.2,0
0.293939721,1,1.199870586,2.11749649,0.193656206,99.93164825,107.3752747,468.046936,44.51596451,62.78279114,3.06704092,224.1313782,14.6,47.9,0
0.139123673,4.5,44.74024582,1.910174608,0.568488359,74.82975769,0,731.7345581,36.3654747,88.53869629,578.0715332,285.8927612,94.4,0.6,0
0.702342948,0.86,27.87711143,13.0529623,0.561990559,178.5032349,34.59757614,87.51570129,5.139023304,4.609949589,83.61671448,229.0482178,97.3,1.2,0
0.220562959,5.75,1.347199321,0.304918617,0.388623238,262.8013,30.53508377,208.5867004,80.70098114,105.4168243,36.65956116,159.7658081,83,9,0
0.685145119,1.1,11.42794514,30.5367527,0.677877784,61.46177292,0,247.8768005,1.843071103,41.77980423,204.2014008,85.13305664,96.9,0.7,0
0.693695193,0.86,39.57924652,15.37534904,0.465797722,83.49268341,1.368476033,402.5361633,0.534671605,13.26199341,141.4362335,68.42406464,97.3,1.2,0
0.836371057,0.86,34.82830429,1.526472807,0.265498012,73.69971466,97.3002243,155.8227234,7.728795528,50.38287735,0,28.61981583,97.3,1.2,0
0.366026353,1.8,44.95417023,6.682754993,0.515201986,0,12.2136097,3.64576292,31.37565994,31.31449318,35.75363541,48.22127914,96.8,0.7,0
0.222780304,1.8,23.79999352,11.1283865,0.563899875,37.35194397,53.70087433,173.6689453,0,8.641233444,24.91016388,179.2531281,96.8,0.7,0
0.429329537,1.3,20.98710442,7.213524342,0.567853868,71.14190674,99.30158234,445.0521545,0,3.493240356,105.670372,44.10148621,94.6,1.4,0
0.223060706,1.1,11.90169621,32.92080307,0.673837721,73.26709747,2.168561697,161.5840607,0.840707362,24.78531837,78.49341583,271.6517944,96.9,0.7,0
0.080184996,1.1,20.18431664,48.6668663,0.606750667,83.19235992,0,4.028249264,8.269081116,66.83597565,72.44160461,40.04895401,96.9,0.7,0
